word,count
itstheplumber,1
stacijshelton,1
danielleophelia,1
araupp,1
latest,1
baileemforever,1
michael,1
r=corpshoppingnewsltrvdayfy14,1
custexp,1
thumbs,1
flw,1
patriotradionet,1
reasons,1
conference,1
sherbet,1
average,1
inspirational,1
fwds,1
twice,1
drives,1
consumer,1
commerce,1
gives,1
recipes,1
skinny,1
shakes,1
lies,1
watched,1
commercials,1
bloopers,1
technology,1
thoughtfulness,1
conveniently,1
tcbcel,1
nickiminaj,1
poppin,1
7series_finesse,1
lookin,1
sendurbanstems,1
unrollme,1
dctech,1
djflipstylz,1
googleoffers,1
credited,1
snafu,1
ipod,1
winning,1
stacylynnburton,1
danielrsmith,1
hair,1
teddy,1
kimperious,1
deli,1
cheaper,1
weekly,1
replenishment,1
"125,000",1
myvalentinepup,1
ikebana,1
japanese,1
wifes,1
2:30,1
10:10,1
prepared,1
training,1
russ_dean,1
privacy,1
publishing,1
wh,1
acoach,1
bag,1
25gcto,1
purplebariellenailpolishes,1
nailrebuildingprotein,1
475,1
emaestas,1
vases,1
__aceestacks,1
holding,1
badcustomerservice,1
filmstoremashup,1
meanings,1
victorian,1
era,1
superbowl,1
invitations,1
brinxmom,1
wire,1
frames,1
logo,1
nycstartup,1
barifromsd,1
loathes,1
drafted,1
formal,1
cease,1
desist,1
lists,1
jalenandjacoby,1
havent,1
uguys,1
revengefactor,1
warriors,1
sweeping,1
cavs,1
2save,1
yesorno,1
marginalize,1
uslatino,1
houston,1
arrang,1
kamichat,1
apabenefits,1
vtteddybear,1
berries,1
cave,1
hibernate,1
kkirkendall,1
dms,1
radical,1
wing,1
agenda,1
brietbart,1
alabamafan2,1
whenever,1
figuring,1
least,1
jamespmachado,1
melissaadkins71,1
karynkoehler,1
andreama13,1
closed,1
tweeps,1
particpate,1
signed,1
tons,1
glenn,1
butler,1
dna,1
royaldixie,1
pizza,1
hut,1
promotions,1
alexslemonade,1
alsf,1
donation,1
colbymarv,1
launches,1
gwyled,1
arraignment,1
thefuneralplanner,1
recommended,1
caption,1
venus,1
flytrap,1
bouqeut,1
twittmarketing,1
jennyk710,1
sonra,1
dedim,1
ki,1
böyleyken,1
böyle,1
flowersgallery,1
kordonboyu,1
shopcoffeetable,1
coffeetable,1
grows,1
bushy,1
profusely,1
funnel,1
trumpet,1
tubular,1
ncsd2013,1
survivor,1
aicr,1
valetnines,1
johnnyteater,1
mi,1
far,1
gracious,1
recovery,1
tashoriginals,1
myoptumhealth,1
bunches,1
cobi_avm_heel,1
updating,1
regala,1
las,1
mejores,1
descuento,1
con,1
este,1
código,1
carmeltajeddini,1
redeem,1
august,1
6th,1
2011,1
tags,1
bamboo,1
catego,1
flowrs,1
gparens,1
dude,1
washinghis,1
foreskins,1
sexualfootballteams,1
shakespeare,1
flowertalk,1
kesharose,1
blissismaybach,1
wk,1
play,1
blame,1
fault,1
xnefinancial,1
inform,1
grader,1
valleyflowerco,1
followfriday,1
corpnet,1
digitalmumsbiz,1
influencers,1
chase,1
kroot1004,1
ab,1
2years,1
reignite,1
flame,1
hahaha,1
mamatweeta,1
catherine,1
proud,1
cl,1
milanaleshinsky,1
vs,1
mundafrazier,1
gardenia,1
blessed,1
browndeadleaves,1
deadflowerbulbs,1
chadwx,1
ugh,1
beth,1
beadstro,1
twilight,1
bluefur,1
deny,1
american,1
airlines,1
aadvantage,1
meghnnn,1
aggravation,1
recipe,1
lease,1
farmers,1
branch,1
j,1
krismenez,1
incredible,1
hurt,1
functionality,1
declare,1
bankruptcy,1
stepintosumm,1
supplying,1
daises,1
guilty,1
joanne,1
lnj_,1
kourtneykardash,1
jewelry,1
150,1
gecamera,1
viva_swag,1
indulgealittle,1
zune,1
eminentprceo,1
joyfulbathco,1
slickdeals,1
flowerama,1
iowa,1
wild456,1
alacransita84,1
bowlbrunswick,1
puremobile,1
visionmidmich,1
woooha,1
toycoupons,1
snickersicecrm,1
wemusthaveshoes,1
jerry,1
luo,1
lucy,1
liu,1
gosh,1
zergmoney,1
brightness,1
commented,1
olgas217,1
fishing,1
golf,1
sender,1
mystery,1
nicoleames,1
bitcoin,1
zatb_,1
students,1
attract,1
butterflies,1
pierce,1
fl,1
whimsicalwalney,1
aha,1
fans,1
eg,1
daheartndahead,1
visa20,1
movie,1
evenly,1
neat,1
justfornewkids,1
singhyml,1
robthompson_net,1
rob,1
vitabath,1
hubby,1
stuck,1
embarrsing,1
entertowin,1
fatwallet,1
s=secondarysalespromo,1
ngranath9,1
shelby_granath,1
uh,1
aww,1
golic55,1
melanierigney,1
darth_newkie,1
ahhhh,1
loridahhh,1
grilling,1
worlds,1
greatly,1
senna1,1
csr,1
started,1
decorating,1
deck,1
greetings,1
cymbidum,1
nsn3d,1
millercoors,1
execs,1
emojis,1
fundamental,1
driving,1
millennial,1
mcommerce,1
admire,1
bc,1
tools,1
decisions,1
fell,1
background,1
editing,1
wasting,1
generations,1
eleven_to_ten,1
jdfish,1
dkny,1
slizzta,1
60,1
p=114937,1
gladly,1
jersey,1
mars,1
invention,1
crafts,1
materials,1
carolhansene,1
mimi,1
mday16,1
johnny,1
pickin,1
jontheblackman,1
knuckle,1
ack,1
flowergate,1
redeliver,1
mommas,1
waitandsee,1
arrangem,1
35,1
momisaflorist,1
kissed,1
tigerlily,1
sillymex61,1
darcrich,1
agentfitz777,1
b140tweet,1
archie,1
bunker,1
utm_source=twitter,1
utm_medium=social,1
utm_campaign=2000045,1
s_cid=2000045,1
evenings,1
london,1
neighbor,1
santapaula,1
listening,1
arnie,1
leap,1
watsonretail,1
dislike,1
timmysgettingmarrried,1
timothyktummy,1
rockstars,1
edgy,1
*almost*,1
iris,1
stargazers,1
1up,1
dadoo,1
jnadms,1
zscottyb,1
strive,1
smell,1
trees,1
eating,1
bowl,1
chili,1
allexxisss,1
mygulfhomes,1
viewed,1
amy,1
castellano,1
nicolette,1
embree,1
boucher,1
actual,1
st,1
goodness,1
lil,1
flor8pizza,1
drfunkhowser,1
sorrry,1
lower,1
freuency,1
womenlovetopher,1
tweet_ri,1
two_lainz,1
educators,1
accelerated,1
reader,1
collections,1
38,1
spotting,1
megancassidy,1
raised,1
alone,1
passed,1
strongest,1
custsrv,1
useless,1
failmomentsof2016,1
bother,1
hugewasteof,1
mock,1
rape,1
victims,1
hostages,1
4me,1
anger,1
corporations,1
proflwers,1
610,1
station,1
joshunfried,1
13days,1
comcastcares,1
210alvarez,1
rfid,1
wil,1
sense,1
shock,1
didyouknow,1
held,1
derian,1
llanas,1
rockenbudda420,1
1800packrat,1
1800mattress,1
1800recycling,1
1800pocketpc,1
tuning,1
logs,1
lagirl1,1
genuinely,1
blossoms,1
jfouts,1
donating,1
lostmybusiness,1
openforum,1
corporateventureforum,1
ttyl,1
thursdaygirl,1
urorder,1
jennannd,1
p=4427,1
kathy,1
griffin,1
promote,1
audience,1
users,1
employees,1
detailed,1
utm_campaign=review_nonrec_tweet,1
colleenlippert,1
jimnekuda,1
eho,1
college,1
mysonrocka,1
delight,1
ux,1
mrs_ramsack,1
nd,1
ramsackhames,1
abuse,1
languages,1
fabiooohh,1
iloveyou,1
faithful,1
badservice,1
itcountshetried,1
thecouponsapp,1
4th,1
crafty,1
shorted,1
cube,1
bouq,1
followed,1
cyph3rpunk,1
p=84038,1
jnicpon,1
truth,1
hiring,1
learned,1
jerseymomma,1
tendollars,1
tao,1
taothewayofthedog,1
tiannadavila92,1
frequent,1
miler,1
xcelerol,1
marscuriosity,1
perhaps,1
nasa,1
nasasocial,1
salvation,1
permanent,1
temporary,1
careyfrozt,1
tragic_heroine,1
state,1
pattiemallette,1
birthdayyy,1
mytoy5,1
meeeeeeeeeeeeeeeeeeee,1
tyrt,1
heykim,1
legit,1
cn,1
katia,1
ify,1
shows,1
sausagefactory,1
marketplaceapm,1
sausagefest,1
kirklandreader,1
fu,1
fem2,1
womensrights,1
lgbt,1
latism,1
snuggle,1
l,1
redelivery,1
templon,1
shoutout,1
fit,1
cindi256,1
_sben88,1
sync,1
century21stores,1
sportsauthority,1
syncwithtwitter,1
selecting,1
observe,1
nutrients,1
absorbed,1
kait2xx,1
ehriticka,1
size,1
litl_karen,1
raymondshipley,1
megan,1
gmam1900,1
2001,1
2mos,1
monteslu,1
watkinsflowers,1
southern_living,1
bhg,1
fayettevle_buzz,1
politehubris,1
lebatardshow,1
verizon,1
clothes,1
smorty71,1
topic,1
jon_mundell,1
walking,1
honor,1
danny,1
improve,1
autism,1
ironman_heath26,1
hartlogan,1
trooptube,1
powered,1
military,1
strawberry,1
margarita,1
stevecongro,1
dena,1
dimambro,1
bio,1
retweeting,1
word,1
sirgabe,1
►,1
campaignliveus,1
ibmwow,1
alisweeney_fans,1
similar,1
21st,1
shabbeyroad,1
aclufl,1
espntrends,1
stephenasmith,1
afameducation,1
gop,1
blackgopproject,1
sbagov,1
sbaprogram,1
flgovscott,1
jmuoio,1
keithjameswpb,1
hoey1,1
benefit,1
leading,1
mygirlshirley,1
listeners,1
occasion,1
dataset=11894,1
personality=shirleystrawberry,1
iwd2014,1
nikon,1
dx,1
nikkor,1
ed,1
vr,1
lens,1
58mm,1
accessory,1
kit,1
fo,1
route,1
downtown,1
lizcastoro,1
music,1
ighl,1
luncheon,1
pure,1
joined,1
war,1
services,1
memory,1
homemade,1
spooky,1
headquarters,1
clubs,1
candles,1
wine,1
shops,1
nonna,1
sandy,1
du,1
anna,1
tanya,1
ramirez,1
toni,1
hulme,1
pamela,1
aazs,1
drumroll,1
dotlizard,1
webcam,1
joffi,1
recession,1
boom,1
bust,1
wookiehumper,1
jschieber,1
delish,1
resorttoromance,1
resorts,1
barenecessities,1
ridiculous,1
screen,1
ripoff,1
sketch,1
gatsby714,1
alenkopcic,1
heathsaunders,1
myfavoriteflower,1
markriccadonna,1
1funnyjoker,1
myslcmommy,1
addthis,1
workplace,1
increase,1
vacation,1
sharneezoll,1
ilonab1980,1
swetha,1
valluri,1
advice,1
seeking,1
career,1
sasinsights,1
cuts,1
announced,1
floristseowatch,1
peaceful,1
peace,1
p=73055,1
4th_of_april,1
homecoming,1
miguelco74,1
destress,1
recharge,1
troll,1
9ca_racist_troll,1
proactiv,1
geico,1
bobfurniss,1
p=92231,1
tukquestions,1
joecuanan,1
natural,1
remedies,1
theguycornernyc,1
fingerprinting,1
lieu,1
persistent,1
determine,1
andreakelley,1
andrea,1
mommyjenna,1
justinrubin,1
turboangie,1
tonyvia,1
starbucks,1
famous,1
snowflake,1
cookie,1
leroycountry,1
antoniocapo,1
uhhh,1
technoligy,1
enables,1
jswannc,1
dept,1
ourkidsmom,1
brainmender,1
jasonporras1980,1
heyboo,1
blackamex0,1
wants,1
finds,1
inbox,1
anneh632,1
involver,1
b2c,1
intelligent,1
andthen2017,1
theyare,1
limbaughsponsors,1
pleased,1
ryan43147,1
shorebranding,1
3andi13,1
cdiemnj,1
ʺone,1
delightful,1
anticipation,1
chicory,1
sort,1
coffee,1
substitute,1
rooting,1
worldseries,1
sales_shopping,1
p=5089,1
possibility,1
mag,1
btw,1
yourbballgirl,1
murrah,1
medical,1
representative,1
singapore,1
pla,1
loses,1
bus,1
fulfilling,1
secure,1
wallet,1
mp30,1
abvegan,1
adam,1
kochanowicz,1
startup,1
charity,1
glitch,1
fc_melissa,1
lazmiami17,1
pony,1
fixes,1
chad,1
fiancee,1
birthd,1
25th,1
tank,1
evil,1
stalk,1
harass,1
jude,1
rude,1
apologies,1
mistake,1
attitude,1
unnecessary,1
aggravated,1
saddest,1
puppy,1
nyyankzfan,1
dinner,1
appreciation,1
8th,1
current,1
catcher,1
mlb,1
planted,1
january,1
husbands,1
luckymommy,1
digitalbees,1
28,1
bout,1
ham,1
pot,1
gold,1
rainbow,1
shine,1
piperlime,1
nears,1
th,1
dunce,1
cactuses,1
arcticmandy,1
lorraine,1
virzi,1
benjamin,1
bratt,1
xcrissylynn,1
alleviate,1
stress,1
anniversar,1
dillanwolfe,1
became,1
dyslexia,1
tá,1
tú,1
ways,1
pat,1
drinking,1
stella,1
artois,1
stellaartois,1
clubhouse,1
couponsdealsand,1
preparations,1
convention,1
traveling,1
stephfedler,1
file,1
pillow,1
cases,1
shoulders,1
kellyanncollins,1
joehill49,1
dant3_filth,1
winklemanjvde6,1
inspire,1
charmandhappy,1
mid,1
enjoying,1
singing,1
stand,1
memorized,1
shockn,1
loss,1
makeyourlovebloom,1
bmabinijr,1
stop,1
phoenix,1
az,1
san,1
antonio,1
madelynxmonroe,1
mike22edwards,1
marketers,1
hanukkah,1
coach,1
patti,1
stanger,1
weddingwednesday,1
untruths,1
delays,1
60th,1
ifollowyouirl,1
jaycc36,1
chucknorrisu,1
layette,1
bouqet,1
thismamar0cks,1
cancellation,1
suzannewaltrip,1
continued,1
nightmare,1
possibly,1
experienced,1
kohls,1
belks,1
ryanoconnor,1
mrsdsj2007,1
awgioia,1
rectified,1
bulbs,1
judiekiley,1
velvet,1
cheesecake,1
corner,1
francesdenmark,1
aim,1
renae,1
sparks,1
kerry,1
simpson,1
kristy,1
shepard,1
noelle,1
chapman,1
weidemann,1
guests,1
fansofsheistt,1
bullish,1
macd,1
crossovers,1
fcel,1
flml,1
flws,1
fsys,1
geoi,1
10:06:21,1
deliv,1
fri,1
nite,1
socialfirst,1
custserv,1
amir,1
lmk,1
give_me_a_latte,1
promptly,1
truffles,1
replacements,1
bedding,1
sleeps,1
soundl,1
alandavila88,1
talking,1
completed,1
charlesfhanna,1
sounding,1
gagnon2fresh,1
unsubscribing,1
latoyasharita28,1
rose_jks,1
おはようございます♪お洒落で可愛いですね♪o,1
scottsilverman,1
thegrok,1
marikohunt,1
vbouton,1
martijnvv,1
mavis,1
beacon,1
skills,1
5min,1
katelynnottingh,1
qualified,1
committed,1
whowhowhere,1
leighackart,1
snickersbar2001,1
logging,1
dbrooksga,1
lindsspelledey,1
spots,1
tastetheholidays,1
卖票,1
衣饰,1
花、礼物,1
户外活动,1
motioncityman,1
messages,1
ashleyrodz_,1
flippin,1
therealpinkyxxx,1
xoxo,1
fantasyfernman,1
inspired,1
pumpkin,1
desserts,1
countdown,1
spruce,1
ahuj9,1
favorites,1
iwearyourshirt,1
beauty4moms,1
bejoole,1
motorola,1
exclusivelyin,1
mayhemstudios,1
zigabid,1
bird,1
johnnyd23,1
katjapresnal,1
nycitymama,1
phenomamamas,1
itskathe,1
concern,1
sirshiggidy,1
bottom,1
cretins,1
simplybeingmom,1
x_donniewishard,1
types,1
giftideas,1
mausekindmom,1
reputation,1
nordstrom,1
sephora,1
achieved,1
chatbots,1
freeflowers,1
gerberadaisies,1
smiling,1
healthy,1
strong,1
remission,1
charged,1
tears,1
samhinkie,1
fight,1
cancercare,1
becoming,1
calluptome,1
inquiries,1
americans,1
repellent,1
fund,1
ads,1
thesesoreribs,1
30th,1
dough,1
thedomainaustin,1
wreynoldsyoung,1
meeeeeeee,1
p=96973,1
dozen_roses,1
tweetingwu,1
telegardening,1
peony,1
wolfienden,1
gro,1
jumbo,1
h,1
happyvalentinesday,1
tricks,1
agricutlerist,1
boquet,1
named,1
denizen901,1
destinyaleman,1
ah,1
spa,1
pampering,1
your…,1
lng,1
brthpage,1
grumman,1
area,1
peoples,1
faces,1
delier,1
oakley,1
anothony,1
alyhhudson,1
slut,1
whore,1
feminazi,1
nags,1
assclown,1
bgirls,1
brought,1
godaddy,1
legacyobits,1
eternalimageinc,1
dna2diamonds,1
btbburrito,1
percent,1
halloweenblogs,1
around,1
suckr,1
upgrading,1
sheisleori,1
mherzber,1
imho,1
breastcancer,1
citi,1
field,1
delta,1
mateocaicedor,1
bparker80,1
patweidt,1
intended,1
couponsbear,1
sweater,1
bark,1
owner,1
class,1
jerk,1
yellowdogx2,1
_keator,1
crystalecollins,1
bloggers,1
susitravl,1
niece,1
elissa,1
peach,1
checksntricks,1
howtokeepawoman,1
hitting,1
kno,1
allergic,1
thekbuzz,1
mykbuzzteamrules,1
godmother,1
dckarsch,1
voucher,1
30x,1
rewardcredits,1
negative,1
settle,1
flowering,1
camellia,1
nicest,1
jeffleyda,1
happier,1
osamabiniaden,1
tonymorisset,1
linda,1
harriett,1
pins,1
alfa,1
dental,1
greychancelover,1
rogerb813,1
babybaldwin,1
serve,1
toy,1
xx,1
dawn,1
crawford,1
▸,1
activategood,1
fearringtonnc,1
ms_living,1
askpaypal,1
allow,1
steal,1
thieves,1
lunch,1
archive,1
quoted,1
mortga,1
elegant,1
wishes,1
preseting,1
sexy,1
count,1
ring,1
rabbit,1
retry,1
faceless,1
expectations,1
reality,1
enhance,1
irce16,1
newwaytoengage,1
enunviaje,1
european,1
joeyryanonline,1
reasonably,1
priced,1
gml2006,1
noticed,1
eric_t_monson,1
7pm,1
wan,1
jennhurless,1
calamitychan,1
sbrake34,1
snomobil,1
werent,1
mocharog3,1
naw,1
gettosteppin,1
anovelgirl,1
seeing,1
advertised,1
yep,1
poormom,1
men,1
slime,1
demeaning,1
chickfila,1
poinsettias,1
pur,1
terms,1
staying,1
awake,1
zzzzzz,1
brewdawg78,1
rumford,1
endorsement,1
slurs,1
infidelsarecool,1
writergurl,1
madijack,1
cloudforce,1
rest,1
squished,1
provided,1
shabby,1
firehannity,1
cleaning,1
delete,1
deekay31,1
shit,1
millions,1
entrepreneur,1
おはようございます*,1
14℃,1
今日から娘がインターンシップ☆,1
昨日から姪が看護実習☆*,1
*˙˘˙,1
qt,1
さん~引用,1
jerell,1
juicykate,1
diff,1
urs,1
thorugh,1
kevin_lawton,1
inconveniences,1
coconnelsims,1
peak,1
strugglebus,1
tl,1
kristinpratico,1
drewbarrymore,1
grandchildren,1
infographic,1
thoughts,1
build,1
relationship,1
learnings,1
beckyshindell,1
rfelty,1
airbnb,1
juleskaras,1
neverforget,1
amethyst_m,1
day2,1
iwork,1
reminding,1
single,1
rubbed,1
richardsonnnn,1
dumbface,1
theyre,1
55,1
delivers,1
metskisscam,1
rebeccaj0,1
doghouse,1
humber13,1
alexarpd,1
2pm,1
mentioning,1
gettemfredd,1
largest,1
nai,1
lert,1
hotel,1
bangkok,1
acres,1
kid,1
partyanimals,1
shot,1
ollg,1
_allicat_,1
debuts,1
googleassistant,1
marketer,1
leahremini,1
cbrookman1,1
readies,1
frequently,1
ldquo,1
moonblue2010,1
marlon,1
emotionally,1
distressing,1
yarmouth,1
tea,1
nova,1
scotia,1
fabu,1
1000beats,1
giant,1
smelly,1
titan,1
biggest,1
eden,1
ipullrank,1
spewing,1
couldnt,1
beer,1
jeffreyadler,1
passportweek,1
healing,1
switcheroo,1
keepsake,1
tangerinedreaam,1
pier,1
pittsburgh,1
penguins,1
ogilvy,1
registratio,1
noahrstein,1
addy,1
artweardesign,1
probably,1
targeting,1
executives,1
pa,1
queen,1
fleurop,1
kabloom,1
toddhellman,1
newyork,1
harnessing,1
internal,1
skill,1
ability,1
manage,1
age,1
admaforum,1
shame,1
solutions,1
suggestion,1
given,1
giveawaylist,1
lights,1
taken,1
awhile,1
rbrogs22,1
lyn_va,1
duets,1
pays,1
rhetoric,1
experiences,1
brookandthecity,1
balleralert,1
caitlinhtp,1
telefora,1
runsleeprinserp,1
seanspence,1
skype,1
insane,1
laughter,1
collins,1
tyndall,1
blanco,1
elaine,1
catenaccio,1
younger,1
svtenfb,1
excellent,1
ftd_flowers,1
bikeohio,1
geekynerddad,1
pal,1
tks,1
g,1
spoil,1
greatformom,1
4bam,1
greeny,1
network,1
ashleynorelle,1
tested,1
janinep,1
error,1
tammy,1
warning,1
signs,1
beautylish,1
arianagrande,1
aogstackz,1
momentarily,1
3rd,1
myosotis,1
aster,1
stevenmatkovich,1
brookemong,1
describing,1
writing,1
texted,1
decrypt,1
rich,1
sunset,1
somebody,1
sober_steph,1
dads,1
watering,1
reduces,1
evaporation,1
jessicacorban,1
eye,1
homepage,1
v=o6daplnplrg,1
mozerz,1
confusion,1
einnejeel,1
outstanding,1
benirawan,1
bit,1
written,1
comment,1
drramiirani,1
bofa,1
reveal,1
breach,1
kilt,1
lovers,1
woofwoofmama,1
whoever,1
handle,1
airline,1
points,1
six,1
94,1
ashamed,1
filipinofist,1
bro,1
segue,1
bomani_jones,1
melo,1
howling,1
light,1
dontforgetdad,1
lindsayscola,1
t42vek20,1
frufrugal,1
gliffik,1
backstreetboys,1
royalexandra,1
shrewsbury,1
royal,1
ascot,1
bbc,1
jamesrivers,1
hint,1
wink,1
looktrickfollow,1
cheerful,1
helium,1
filled,1
dmj_inc_tv,1
lonley,1
boy,1
coopercorrine,1
norman,1
ball,1
odel,1
growing,1
pet,1
deadline,1
extended,1
8pm,1
giftcards,1
exp,1
anybody,1
identify,1
gardenlifelove,1
treesforcities,1
neontrees,1
treejtv,1
prettyfiowers,1
10:30:19,1
whether,1
snowstorm,1
electricity,1
props,1
beccaandrus9,1
flowerfail,1
jimmyfallon,1
t=307951,1
yrralekard,1
invaluable,1
gleahitter,1
ibmbluemix,1
chose,1
bluemix,1
is…,1
winterwedding,1
mistakes,1
channel,1
jimmccann,1
chadnorthrup,1
stephendmalloy,1
akingsqueen3,1
patriotic,1
flare,1
bbq,1
4thofjuly,1
ricky,1
wed,1
20th,1
incredibly,1
offshore,1
absolute,1
nationalcatholicreporter,1
barnsnnobles,1
ewtn,1
autobiography,1
catholicchurch,1
v=2yxgsfxciii,1
leaders,1
appboy,1
golfsmith,1
aeropostale,1
jeromesfurn,1
inspires,1
impressed,1
prompt,1
point,1
dee9163,1
thevipersnest,1
suddenly,1
crave,1
cooler,1
meat,1
genius,1
hike,1
afrugalfriend,1
edition,1
newportresort,1
striderite,1
thedrycleaner,1
chadcompton69c,1
flowercomplaint,1
complaint,1
quit,1
surgery,1
tells,1
11,1
valentinesdayflowers,1
sheamallison,1
librarychickd,1
redbox,1
replying,1
jumped,1
chatbot,1
podcast,1
scoccaro,1
imagine,1
compare,1
choices,1
fancy,1
fanniemay,1
deserving,1
financial,1
anniev21,1
thinking,1
shade,1
ground,1
covers,1
various,1
heights,1
textures,1
colors,1
monkey,1
grass,1
asian,1
jasmine,1
sesamestreet,1
disrupting,1
industries,1
cognitive,1
faye89,1
handtied,1
cathban,1
plantspiration,1
snap…,1
emilykmiller02,1
t=388240,1
tune,1
apparently,1
piss,1
girlfriends,1
busy,1
jerseygsxr,1
friendship,1
farmer,1
brings,1
harvest,1
loveliest,1
graham,1
it´s,1
lockerz,1
ptz,1
categoryid=400129508,1
how2wowsweeps,1
suegirlsue,1
daddyforever,1
daddy,1
invested,1
acorns,1
decadent,1
ridding,1
airwaves,1
hateradio,1
visitingangels,1
thanksgivingday,1
goodies,1
3p,1
marcuslemonis,1
michesf,1
cuz,1
society,1
abo,1
nogopno,1
closet,1
balls,1
clangclangdie,1
arrival,1
tashez,1
representpledge,1
robinthicke,1
*cue,1
instant,1
furrowing,1
brow*,1
caitlin_melody,1
mugstir,1
officemaxdeal,1
jackcards,1
familyfun,1
budgetsaresexy,1
bradsdeals,1
nfsd5,1
yelyahdelrey,1
etaingalicious,1
barely,1
xxxoo,1
customerexp,1
trump,1
calm,1
mad,1
remembered,1
3000,1
mail,1
participate,1
jeanninepanda,1
ashley,1
deboer,1
participated,1
martinis,1
margaritas,1
cheers,1
graceful,1
p=111377,1
free_vase,1
ryanswigert,1
holidayseason,1
strides,1
makingstrides,1
_grits,1
fr,1
mnth,1
arifgan,1
bokhyun,1
locate,1
processed,1
recover,1
injuries,1
volunteers,1
garydzen,1
kinda,1
pricey,1
aaron_micek,1
danscavino,1
peepsandcompany,1
marthastewart,1
chefjamika,1
3a+ecobabymamadrama+,1
28eco+baby+mama+drama,1
embrace,1
wrap,1
armful,1
weeds,1
killed,1
tropicalchula,1
tropical,1
coastingalong,1
sbeaver,1
passgen,1
ipcalc,1
subnetting,1
kaykaylina,1
rolls,1
royce,1
repris,1
vineyards,1
hunt,1
sued,1
alleging,1
deception,1
filed,1
countersuit,1
evensstevens,1
posting,1
scenes,1
30+,1
min,1
normally,1
rid=486,1
sitejabber,1
ʺgardening,1
paint,1
soil,1
sky,1
murray,1
grieve,1
apology,1
condolence,1
crappy,1
_ronnideon_,1
fails,1
hundreds,1
repeat,1
basecode=91790,2
dataset=10735,2
cm_cid=d10735,2
tweetsgiving,2
follower,2
facts,2
informed,2
investigate,2
99+,2
mimilossa,2
maria,2
momtodanielle,2
ir_magazine,2
dneeck,2
seriously,2
pumped,2
popular,2
complain,2
headache,2
basmah_,2
cancelled,2
mike,2
groesbeck,2
schwitz,2
previewed,2
uk,2
opened,2
bridetide,2
justwdesigns,2
onewed,2
brides,2
express,2
william,2
cs,2
cuzza,2
hes,2
sendin,2
mans,2
plug,2
treetops,2
southern,2
lets,2
entire,2
throw,2
rate,2
virtuousbeauty2,2
missde_la_o,2
whitemanmarch,2
saracallon,2
jessie_light,2
elizmatth,2
swear,2
p=117236,2
12th_of_july,2
serious,2
john,2
heycav,2
txcoolprinc,2
ofd987,2
respect,2
ahess4u,2
completely,2
todd,2
bachman,2
olympics,2
beijing,2
prayers,2
eliason,2
managing,2
psa,2
mom25,2
jesse,2
reached,2
agreed,2
processes,2
topdogmom,2
sniffandbarkens,2
guru,2
talks,2
consistency,2
artificial,2
adagemartech,2
affiliates,2
occasions,2
complete,2
remove,2
woo,2
hoo,2
gf,2
missinglynxx,2
loving,2
cheating,2
massive,2
birds,2
cost,2
trust,2
__c_a_r_t_e_r__,2
supporting,2
gemini4u81,2
bethanylooi,2
itsmidnightred,2
soon♡♡,2
clary_matt,2
w00465220928901,2
chico,2
damnit,2
internets,2
remember,2
impossible,2
bondinvestor_,2
lack,2
toledo,2
19th,2
nyt,2
retailing,2
trends,2
citing,2
wet,2
seal,2
sas,2
measure,2
the_shrekster,2
entering,2
usresidentsonly,2
ta,2
nationwide,2
comfort,2
ser1620,2
vibrant,2
wilting,2
energy,2
style,2
chris_eckard,2
charliemcdowell,2
krisprimps,2
illamasqua,2
iqbaltheba,2
rimmellondonus,2
detrivore,2
joefreshstyle,2
dskjewelry,2
andreafulerton,2
cousin,2
depot,2
encountered,2
quick,2
ineedanewkee,2
nephew,2
flowersforgrads,2
awwe,2
cody,2
ifonly,2
icandreamright,2
preferences,2
michelleldwyer,2
thecodysimpson,2
fixed,2
3a+thanksmailcarrier+,2
28thanks,2
2c+mail+carrier,2
exotic,2
bangalore,2
india,2
independence,2
aug,2
kuraiou,2
recipint,2
alex,2
city,2
bucks,2
streamlining,2
fulfillment,2
ibm_ds_europe,2
epicfail,2
cumming,2
lori,2
craig,2
rguty22,2
changes,2
everything,2
handful,2
worldkindnessday,2
upon,2
hubspot,2
insight,2
identity,2
supermom,2
fam,2
meeshiemusic,2
discuss,2
_amanthinketh_,2
jjmanring,2
tcot,2
libcrib,2
acmemarkets,2
godiva,2
14gbb,2
amazes,2
clippingmoney,2
inquiry,2
alive,2
total,2
sorted,2
reissued,2
proof,2
romeojgonzalez,2
bri__m,2
biz,2
picnic,2
park,2
receiving,2
deserve,2
tbt,2
included,2
instaflowers,2
mademesmile…,2
sascomeditor,2
sm,2
robot,2
anodowit12486,2
selling,2
spread,2
loydj2,2
leah,2
jpc61,2
responding,2
pandora,2
laugh,2
betrealhusbands,2
tues,2
bet,2
relies,2
bolster,2
grandmothers,2
contacts,2
sbcoupons,2
justine_b,2
trusting,2
celebrity,2
sunflower,2
lysshouse,2
laraalexandra,2
interactive,2
deliverlove,2
sidecar,2
vday,2
sports,2
stepshep,2
inspiredbycharm,2
friendsgiving2016,2
margot,2
auditioning,2
microsoft,2
casting,2
auditions,2
fort,2
senior,2
tasty,2
palooza,2
♡s,2
♡,2
hv,2
bn,2
2day,2
luv,2
bf,2
emerging,2
technologies,2
changing,2
ceskers,2
lisasamples,2
juicy,2
juice,2
plsrt,2
t=195064,2
double,2
computer,2
twlisha,2
alisha,2
finestationery,2
9pm,2
erowid,2
sleep,2
danger,2
karen,2
armstrong,2
fat,2
dean,2
aquaphorus,2
jmanmillerbug,2
cfanguy,2
removed,2
answers,2
listings,2
arise,2
mugable,2
orchids,2
trying2staycalm,2
dolls123,2
mrstls,2
webinar,2
moovweb,2
elsethero,2
connect,2
hgmc_gb,2
anita,2
bartender,2
ornamental,2
cabbages,2
brassicaoleracea,2
flower_goddess,2
israelflowers,2
haunted,2
flowersofinstagram,2
tamara_ruggiero,2
helped,2
close,2
session,2
basecode=95285,2
dataset=10183,2
cm_cid=d10183,2
worldsmileday,2
frown,2
upside,2
flowers_gifts,2
turned,2
empire,2
fyi,2
located,2
choosing,2
p=3977,2
offered,2
classic,2
springing,2
rsvp,2
desktop,2
givesmiles,2
born,2
starts,2
cloud,2
generous,2
somehow,2
johnnyhawke,2
amc_tv,2
theptich,2
11pm,2
joeygelato10,2
hospital,2
sashasosweeet,2
shoulda,2
doorstep,2
lem,2
dampen,2
canceling,2
demanding,2
credit,2
americanlegion,2
discover,2
federalreserve,2
ustreasury,2
uscommercejobs,2
schiemancam,2
thnx,2
thy,2
jordan,2
sunshineprgirl,2
hell,2
lhallarmstrong,2
longer,2
chef,2
cooks,2
drama,2
repost,2
monetlove123,2
・・・,2
said…,2
zealand,2
resume,2
export,2
alywalansky,2
die,2
pingenito,2
leshaun,2
child,2
abruhns,2
whatever,2
w00835428232542,2
ticket,2
camerons,2
sec=nation,2
hashtag,2
tfsilvernail,2
pajamagram,2
cobalt,2
glass,2
peruvian,2
uploaded,2
infomercial,2
parade,2
boston,2
bahaha,2
correspond,2
privately,2
carleen,2
accidentally,2
heatherpaulsons,2
reassuring,2
label,2
stayed,2
angie,2
anniv,2
lgm,2
comprando,2
tive,2
surpreender,2
um,2
dos,2
vencedores,2
meu,2
tenho,2
ent,2
funfact,2
eva,2
mendez,2
spare,2
peonies,2
faves,2
cc,2
thrilled,2
50+,2
sundays,2
fundays,2
drinks,2
jars,2
stoutredbeard,2
here\,2
como,2
conservatory,2
ilikeyo_ash,2
leaving,2
subsequent,2
attempts,2
leverages,2
streamline,2
journey,2
omnichannel,2
retaill,2
europe™,2
aaa,2
membership,2
alec,2
madelinebruneau,2
parent,2
three,2
window,2
yall,2
niggas,2
accounts,2
fire,2
webmaster,2
coders,2
leftthebox,2
12x26fotos,2
natasha,2
kaiser,2
connie,2
loun,2
erin,2
bobby,2
irespectfemales,2
havein,2
kris,2
p,2
july,2
ideabomb,2
elgraf_171,2
pc,2
worse,2
bdraco,2
pending,2
apartment,2
boyfriend,2
either,2
sara,2
shapers,2
thin,2
assisting,2
spider_jones,2
loud,2
egged,2
wealthy,2
freaks,2
pajoe,2
cspanwj,2
ill,2
actionable,2
related,2
betneywhitsy,2
shouts,2
reminders,2
birthdays,2
sharon,2
raise,2
coupon_phone,2
010,2
ea,2
tony,2
lacks,2
receipt,2
language,2
poor,2
decided,2
frustrating,2
patient,2
runaround,2
combat,2
ibmcommerce,2
davelorrez,2
middleman,2
chging,2
confirmed,2
heh,2
cmbillups,2
sorrow,2
erincmpbl,2
fired,2
marketingdisaster,2
worstcompany,2
10:30am,2
4:45pm,2
misz_ayala,2
toya,2
bonus,2
fill,2
mcesarv,2
revisa,2
snaxx,2
amex,2
theherd,2
herd,2
tweeters,2
showed,2
helpful,2
award,2
filling,2
sweetie,2
em,2
friggn,2
simple,2
rsc20,2
stugotz790,2
michaelryanruiz,2
yahoo,2
strategy,2
leave,2
plan,2
jordan_e_g,2
wide,2
17,2
e,2
apcfixanne,2
_tommy_13,2
didnt,2
mo,2
poweroftwitter,2
takethat,2
a+,2
worthy,2
teacher,2
bought,2
fathersday,2
loveitgetit,2
believe,2
wouldnt,2
iloveflowers,2
libra,2
others,2
timeless,2
pamelamaynard,2
tagged,2
assistant,2
decor,2
hating,2
bdayflowers,2
unique,2
chic,2
dread,2
underway,2
playing,2
bots,2
demented,2
f8,2
steventrisyoung,2
official,2
philip,2
rice,2
babe,2
counts,2
alohaarleen,2
kaflickinger74,2
beso,2
whowhatwear,2
rocketdogbrands,2
dermstore,2
derma_e,2
elderbeerman,2
fragrancenet,2
girlat,2
angelmazz,2
picking,2
shocked,2
partnership,2
gardening,2
craft,2
administrative,2
professionals,2
productivity,2
covered,2
engage,2
living,2
ciao,2
notbranden,2
whoops,2
featured,2
press,2
book,2
blank,2
guitar,2
mens,2
wherehouse,2
access,2
£,2
bethannepantazi,2
problems,2
hope24601,2
serv,2
teare,2
domestic,2
violence,2
regardless,2
excuse,2
advertisers,2
fordtrucks,2
racist,2
e2,2
provides,2
4000,2
retailers,2
overstock,2
travelocity,2
shawnrabideau,2
obsessed,2
ahhh,2
wizzysis,2
convenience,2
markschlereth,2
folks,2
lovely,2
tech,2
beckyyerak,2
yup,2
papa,2
johns,2
snow,2
cherylsdesserts,2
brooklyndecker,2
registering,2
linalovesit,2
probs,2
chi,2
town,2
eat,2
hooray,2
test,2
importing,2
updates,2
onto,2
debralu,2
paulpierce34,2
hacked,2
lemonade,2
surprises,2
oldest,2
dearest,2
remind,2
turns,2
45,2
march,2
fan,2
j_stoops,2
dupes,2
signing,2
livewell,2
per,2
duped,2
runners,2
race,2
mpowerinc,2
common,2
dailykos,2
advertiser,2
beast,2
basically,2
cry,2
dariusanthony,2
marriage,2
hubz,2
horriblequality,2
hrs,2
mamabmy,2
hgg,2
street,2
environment,2
ccboobooy,2
mariagje,2
mixup,2
parents,2
report,2
cyberstalkers,2
maps,2
addresses,2
couple,2
table,2
12th,2
meggiepoo,2
promise,2
ribbon,2
awareness,2
thehousewife,2
taste,2
palm,2
restaurant,2
zimbio,2
c,2
taught,2
silver,2
lining,2
greatest,2
adversity,2
damn,2
bold,2
candy,2
melissashunt,2
potential,2
flwrfftn,2
mean,2
makmakdaddy,2
sharp,2
mentioned,2
princess,2
1800f,2
brunch,2
mimosa,2
diianaaaaax,2
bg,2
sambot5k,2
siiigh,2
ive,2
warned,2
recipients,2
surveyjunky,2
1blessedmommi,2
ptripp,2
tweeted,2
congrads,2
interview,2
building,2
csrblast,2
del,2
multiple,2
thekingscourtiv,2
gettin,2
meeka580,2
therealdjfresh,2
urwelcome,2
savvyblogging,2
blissdom,2
oop,2
busymomblog,2
snapdragons,2
native,2
mediterranean,2
sounded,2
sold,2
grandparents,2
programmatic,2
saturday,2
linkshare,2
networking,2
efforts,2
canceled,2
10x,2
pdtbuy,2
running,2
coupology15,2
t=381911,2
penultimate,2
ffc,2
ord,2
holly,2
decor8blog,2
executive,2
shuffling,2
happening,2
00frog,2
yellow,2
jeffnthemorningour,2
sincere,2
4ward,2
continuing,2
衣服,2
gentlemancodee,2
arenaflowers,2
ftdflowers,2
otts,2
partner,2
4best,2
depicted,2
1800letdown,2
florallovesweepstakes,2
daughters,2
yard,2
frame,2
dimensions,2
taajgill,2
results,2
justgettingstarted,2
this_ismymoment,2
forgot,2
desirable,2
obtain,2
bestbuy,2
gandermtn,2
marriottintl,2
usbank,2
epilson,2
scottjohnsonw,2
shekingvince,2
bale,2
renee,2
advise,2
♡♡♡♡♡,2
role,2
warmth,2
epitome,2
bitch,2
jre,2
glamorous,2
weak,2
jason,2
dc,2
club,2
peppermint,2
undercover,2
4jledesma,2
issued,2
employee,2
utm_campaign=ratings_tweet,2
meganellen,2
sunshine,2
smiles♪♪,2
hilsbilsflynn,2
bodybyjanine,2
beckbluelove,2
christinemfox,2
cindysn74428793,2
whatucpurets,2
denisefive5,2
jraym5,2
zonaswmr,2
popcornfactory,2
revrunmrc,2
mb2xsoftware,2
cyber,2
mertado,2
kiyamatoriya,2
continue,2
exactly,2
resumes,2
coverletters,2
jobs,2
canthang,2
sponsor,2
nateszen,2
1x,2
removes,2
dish,2
250,2
sorrynotsorry,2
t=izm9,2
dizzydane17,2
blown,2
founder,2
director,2
scottsmiraclegro,2
picked,2
happens,2
shift,2
xd,2
mypocketcpa,2
iamgabbyca,2
shar,2
bestie,2
sister,2
alyssa8924,2
summit,2
equifax,2
anwad,2
shirley,2
tulip,2
cuteeee,2
akshsbshbahs,2
mini,2
photobooks,2
create,2
mylars,2
marismith,2
catch,2
tracking,2
tina,2
nectarines,2
orange,2
rotten,2
inside,2
pear,2
bruised,2
1800baskets,2
greyson,2
reshipping,2
broken,2
idc,2
irritated,2
gang,2
solid,2
asshats,2
alexisbrownpr,2
staceygnyc,2
stage32online,2
thefphoto,2
nelsonmandela,2
sheilavbarrett,2
ericallera,2
enchanted,2
cyclamen,2
p=101691,2
appreciated,2
throught,2
mpdacna,2
invite,2
kittyfitz50,2
poems,2
unfulfilled,2
tampa,2
florida,2
donate,3
mostly,3
seo,3
snap,3
da,3
funds,3
waronwomen,3
tacobell,3
angieslist,3
budgetblinds,3
kohls_official,3
bowenscarff,3
grasshoppermowrs,3
enjoyed,3
ya,3
crying,3
awful,3
miracleaimee,3
movement,3
guy,3
aunt,3
deliveries,3
tracy,3
infinitodd,3
lissal,3
daily,3
popcorn,3
factory,3
feix,3
comes,3
act,3
highest,3
spent,3
deekindotnet,3
blogging,3
private,3
wuzzy,3
tremembered,3
giftcardrescue,3
mvelopes,3
bronnersxmas,3
posenergydesign,3
giftsshewants,3
duckygram,3
instagram,3
rules,3
radiant,3
conveys,3
mary,3
phalaenopsis,3
pencilsofpromis,3
yusef_alz,3
present,3
anytime,3
industry,3
13,3
disappointing,3
adage,3
concierge,3
organized,3
crime,3
stole,3
round,3
2nd,3
failed,3
refunds,3
marcusawinn,3
bjs5555,3
gacutie,3
boissuq,3
courteroy,3
incorrect,3
saw,3
undercoverboss,3
brothers,3
crew,3
clear,3
jackie,3
lacey,3
guesswork,3
glue,3
method,3
stick,3
staff,3
sends,3
notice,3
draft,3
suspended,3
players,3
gordon,3
testing,3
flowergirl,3
second,3
simply,3
chocolate,3
cheapsally,3
wattpad,3
fpdigital,3
redmondheather,3
alert,3
q,3
mr,3
omgitsjess,3
market,3
requested,3
sticks,3
type,3
stems,3
rain,3
apropo,3
flirck,3
generates,3
engagement,3
competitors,3
fromyouflowers,3
blooming,3
tale,3
garbage,3
sincerely,3
flores,3
en,3
jakenboy12,3
told,3
utm_source=feedburner,3
utm_medium=email,3
utm_campaign=feed,3
500,3
arrangemnt,3
wizard,3
decide,3
october,3
past,3
p=76287,3
12_red_roses,3
id,3
endorse,3
fuck,3
underwear,3
seduce,3
125,3
ringing,3
nasdaq,3
keeping,3
snacks,3
rip,3
vikingactual,3
taeysha_b,3
meordapme,3
finna,3
adorable,3
project,3
tx,3
nathantyson,3
platinumtrips,3
purposes,3
verify,3
endorses,3
70,3
jdooley21,3
yeah,3
space,3
affordable,3
winnings,3
happily,3
blended,3
pats,3
elect,3
knowing,3
jets,3
playoffs,3
commercial,3
eayres,3
proper,3
steps,3
banking,3
replaced,3
innovation,3
dianatorres,3
parislaware6426,3
kelly,3
stuff,3
came,3
flowerbeauty,3
nothingbutmisrepresentation,3
door,3
water,3
berkshire,3
botanical,3
stockbridge,3
mass,3
39th,3
sat,3
sun,3
10am,3
5pm,3
register,3
ochristinao,3
bountiful,3
t=267441,3
pro,3
scare,3
turn,3
delectable,3
birthdaybrunch,3
caske,3
trick,3
swarovski,3
yourfriendbri,3
festival,3
head,3
planner,3
low,3
tearesa,3
successful,3
est,3
previous,3
founingecattat,3
unkatchable73,3
safely,3
packed,3
ladybug,3
usually,3
doris,3
burke,3
joining,3
twitterview,3
guarantee,3
ol,3
adnanrashid,3
forgotten,3
voices,3
steve,3
bozzo,3
dreaming,3
trip,3
taking,3
sis,3
noles9900,3
certainly,3
martinjmarks,3
peterdavisnyc,3
hanukhanuk,3
champion,3
price,3
shades,3
purple,3
howtowow,3
itsniccibiish,3
mention,3
refunded,3
fedex,3
driver,3
smazany,3
obama,3
apologetic,3
gw,3
iknowtheresajokesomewherethere,3
higher,3
dheli,3
increased,3
demand,3
eve,3
navratra,3
served,3
flora,3
smells,3
condition,3
comparably,3
ratings,3
utm_source=comparably,3
utm_medium=twitter,3
forever,3
son,3
missed,3
putting,3
mylikes,3
juliecelebrates,3
momtobedby8,3
newyears,3
toofartuesday,3
espngreeny,3
espngolic,3
host,3
wild,3
sendmeabobblehead,3
recieved,3
brighter,3
already,3
throwing,3
hints,3
garden_flowers,3
dont,3
success,3
1st,3
neurokate,3
johnandro2,3
behalf,3
passport,3
reminder,3
cause,3
difficulty,3
dealing,3
potamusprefers,3
doubt,3
carnation,3
justinecotter,3
watsoncommerce,3
passing,3
robbed,3
managers,3
eatheavenlycupcakes…,3
handled,3
purchased,3
variety,3
option,3
interactions,3
chrismontanti,3
universenme,3
kindandinspired,3
stefanypage,3
drbloem,3
momstart,3
pissed,3
shipped,3
zip,3
lord,3
boycottrush,3
expensive,3
strawberries,3
asked,3
posts,3
24,3
research,3
vendor,3
supposedly,3
worstservic,3
bigtopvoice,3
daniellemjoy,3
deeply,3
boa,3
creative,3
figure,3
thanksgifting,3
welcoming,3
guest,3
ronsracin,3
jessicahelga,3
giftcard,3
anyperk,3
seacreststudios,3
moi,3
beat,3
nurses,3
chocchildrens,3
spankydrumz,3
memberships,3
boo,3
analytics,3
links,3
sees,3
dmbastian,3
happyeaster,3
easterweekend,3
happyspring,3
ascendingbutterfly,3
zoosk,3
cirque,3
firstcomeslike,3
rollercoaster,3
riding,3
denise,3
additional,3
billboard,3
800,3
bldg,3
plush,3
tour,3
mager,3
fabuloussavings,3
firemom,3
options,3
easy,3
added,3
breast,3
affiliate,3
signature,3
scam,3
1800muffins,3
positive,3
challenge,3
2012,3
national,3
grow,3
reason,3
limited,3
rating,3
shopliftinginva,3
views,3
elischa,3
asking,3
bloomberg,3
billzismyname,3
theresa,3
tuesday,3
gsd15,3
32,3
yr,3
animal,3
kennbell,3
blanko,3
billythoo,3
ft,3
kal_duzit,3
restlesslife,3
***free,3
download*****,3
clearance,3
gaiam,3
north,3
belieber,3
thnks,3
zaytuuniii,3
theeclectice,3
clients,3
learningtower,3
bkcyclones,3
silkfair,3
everytime,3
damaged,3
richgetricher,3
merrychristmas2017,3
wtf,3
romance,3
barelydomestic,3
sunflowers,3
classy,3
манкрафт,3
сэкс,3
lauracope,3
cam,3
hearing,3
comments,3
recip,3
undercover_cbs,3
episodes,3
chris,3
soul,3
itstonybennett,3
ladygaga,3
rock,3
case,4
sounds,4
knows,4
four,4
ass,4
aaartistically,4
minute,4
put,4
jennifer,4
masses,4
volunteer,4
needy,4
justin,4
bieber,4
sales,4
paypal,4
twoofakind,4
funny,4
birsic,4
department,4
public,4
cactus,4
finally,4
7,4
freshness,4
satisfaction,4
seen,4
bear,4
prefer,4
fucking,4
airport,4
router,4
plurk,4
*cries*,4
doggie,4
paddle,4
doggiesandstuff,4
p=4065,4
office,4
avoid,4
29th,4
frank,4
*giggles*,4
event,4
sponsored,4
perks,4
ahead,4
selected,4
scientific,4
carnations,4
dianthos,4
sponsors,4
boycott,4
ahh,4
speak,4
effort,4
announce,4
thats,4
ok,4
bath,4
lifts,4
489,4
greenfield,4
village,4
thehenryford,4
puremichigan,4
cityofdearborn,4
unitedwebloom,4
black,4
decor8,4
spoke,4
kick,4
husband,4
arrange,4
especially,4
blogger,4
guess,4
grand,4
premium,4
iheartthearts82,4
rocks,4
foods,4
moderated,4
pete,4
blackshaw,4
nielsen,4
robynsworld,4
pics,4
drops,4
celebrating,4
➔,4
mate,4
arv,4
29,4
process,4
alan,4
kindness,4
based,4
terrible,4
flushrush,4
thumb,4
power,4
mommies,4
bkeepsushonest,4
iphone,4
bantii,4
miles,4
picture,4
fantastic,4
cock,4
eyed,4
alike,4
aaadiscounts,4
security,4
tiffany,4
quickly,4
though,4
cat,4
quiz,4
moments,4
planning,4
fashioned,4
agents,4
pack,4
hurry,4
liar,4
everyday,4
calls,4
different,4
jet,4
bestmomever,4
resolution,4
garland,4
months,4
screwed,4
tip,4
newsiesofny,4
gorgeous,4
finding,4
balance,4
constituants,4
school,4
hand,4
crystal,4
original,4
amp,4
said,4
tried,4
liked,4
valid,4
lisa,4
tin,4
warm,4
7th,4
short,4
dissapointed,4
morning,4
13th,4
grandparent,4
jimmy,4
island,4
cio,4
members,4
ones,4
expected,4
canada,4
gourmet,4
floydej,4
icing,4
woman,4
saying,4
replacement,4
lovesong,4
que,4
dadofdivas,4
dropping,4
saved,4
front,4
mason,4
corpse,4
offering,4
horrible,4
website,4
stupid,4
anymore,4
patriots,4
confirm,4
instantly,4
ecobabymamadram,4
represent,4
tiny,4
group,4
lots,4
hot,4
without,4
experiencing,4
flour,4
earlier,4
eurekasue49,4
okay,4
forgive,4
98,4
shinola,4
adobe,4
oracle,4
dma,4
paste,4
happen,4
mind,4
rewards,4
excited,4
lie,4
festive,4
plussizemommy,4
non,4
venetiarossi,4
star,4
stay,4
slim,4
stories,4
kevin,4
80,4
wowher,4
viggletips,4
bright,4
hours,4
behind,4
courtesy,4
thoughtful,4
europe,4
traditional,4
showing,4
fav,4
granddaughter,4
muller,4
yogurt,4
nycsinglemom,4
mullerquaker,4
imaxnews,4
joannadolgoffmd,4
cut,4
liars,4
kiss,4
sry,4
song,4
otherwise,4
hulu,4
veepveep,4
tasted,4
vulture,4
children,4
client,5
markmayhew,5
contacted,5
scottmonty,5
jefftwc,5
southwestair,5
hrblock,5
replied,5
mothersday,5
exclusive,5
delighted,5
haha,5
god,5
worry,5
belgians,5
walk,5
"700,000",5
begonia,5
carpet,5
brussels,5
wither,5
fix,5
gets,5
complaints,5
matter,5
confirmation,5
program,5
florists,5
davidvonderhaar,5
treyarch,5
mattks,5
danskdansk,5
ksherwoodops,5
mark,5
sitewide,5
suck,5
bullshit,5
soooo,5
brazil,5
problem,5
ascending1,5
katespadeny,5
lenox_corp,5
butterfly,5
embarassed,5
less,5
art,5
joke,5
sharing,5
understand,5
tips,5
within,5
since,5
start,5
totally,5
newyorkchica,5
visit,5
couponcodes,5
waiting,5
mailing,5
talk,5
worked,5
news,5
amanda,5
starting,5
piece,5
teachme2save,5
wecare,5
afternoon,5
list,5
yikes,5
julie,5
mulligan,5
mommy,5
might,5
cheer,5
sick,5
16th,5
panel,5
kraft,5
nytimes,5
intuit,5
tweets,5
patrick,5
agent,5
personalized,5
cust,5
ibmcloud,5
updated,5
ayres_hotels,5
bigotry,5
uses,5
billing,5
interesting,5
allisimpson,5
thru,5
stieber_laurie,5
upset,5
huge,5
add,5
quite,5
print,5
promising,5
treats,5
drop,5
replies,5
newsies,5
things,5
ugly,5
preference,5
romantic,5
spirit,5
medicianl,5
humans,5
northen,5
philippines,5
says,5
larene,5
bummed,5
international,5
due,5
mastercard,5
board,5
crazy,5
review,5
fannie,5
owned,5
buddies,5
sob,5
vdaygame,5
father,5
honest,5
asap,5
sympathies,5
fireside,5
hesitate,5
exact,5
shoppingnews,5
pinkrose,5
retweet,5
assorted,5
purchases,5
ex,5
cupcakes,5
6,5
women,5
empty,5
telling,5
cassseidenfeld,5
zone,5
collision,5
amit,5
shah,5
cmo,5
marketing…,5
griddlecakes,5
runied,5
hyken,5
gwyn,5
watsonce,5
ask,5
dontpayrush,5
unacceptable,5
reaching,5
cutest,5
definitely,5
helps,5
boss,5
fine,5
davekerpen,5
golicandwingo,5
lions,5
shud,5
wat,5
49s,5
cousins,5
til,5
gun,5
staffords,5
contract,5
million,5
target,5
pm,5
sugar,5
bakery,5
catering,5
sweets,5
harryanddavid,5
apple,5
christian,5
missionaires,5
south,5
america,5
described,5
ha,5
items,5
pays2shopweb,5
1800=2*2*2*3*3*5*5,5
happiness,5
toward,5
how2wow,6
moment,6
socialspoils,6
eucerinus,6
products,6
adventuresof8,6
discounts,6
died,6
situation,6
thinks,6
offers,6
ambush,6
needed,6
n,6
works,6
omg,6
de,6
giveaways,6
orchid,6
w,6
chat,6
mins,6
view,6
concerns,6
spend,6
spam,6
thepitch_amc,6
fail,6
feed,6
bell,6
thxmailcarrier,6
girls,6
copy,6
dvd,6
she_scribes,6
model,6
promocode,6
forward,6
graduation,6
companies,6
incompetent,6
dealt,6
brighten,6
meet,6
game,6
ibm,6
answer,6
possible,6
b,6
bye,6
promised,6
earn,6
pic,6
foreign,6
costing,6
pounds,6
joy,6
lilies,6
denies,6
discounted,6
casket,6
pitt,6
keep,6
fmchocolate,6
luck,6
cards,6
yay,6
fruit,6
winter,6
jennifer_marek,6
«,6
drdrewlctv,6
alpine_access,6
careerbliss,6
cybercoders,6
regusgroup,6
250+,6
happened,6
neveragain,6
ai,6
sign,6
dogs,6
called,6
gon,6
hit,6
opportunity,6
yummy,6
part,6
credits,6
poll,6
promotional,6
fields,6
ƹ̵̡ӝ̵̨̄ʒ,6
inconvenience,6
cont,6
cheryl,6
cupcake,6
largeby,6
masterpass,6
maybe,6
recent,6
learn,6
ibmformarketing,6
google,6
line,6
mikeandmike,6
holidays,6
cus,6
mylar,6
media,6
0,6
retail,6
package,7
baby,7
plus,7
takes,7
minutes,7
several,7
ready,7
ridiculously,7
placed,7
ago,7
collection,7
bring,7
deserves,7
75,7
arlene,7
expires,7
full,7
fuzzy,7
fact,7
youtube,7
anywhere,7
story,7
account,7
90,7
hire,7
episode,7
ruined,7
organic,7
honey,7
transfair,7
usa,7
partnering,7
beekeepers,7
mayan,7
mexico,7
sharisberries,7
person,7
box,7
perk,7
annual,7
set,7
ruining,7
daughter,7
support,7
weddfftn,7
response,7
feedback,7
tiarastantrums,7
green,7
edible,7
v,7
england,7
outnumberedmama,7
helping,7
lot,7
wish,7
gifting,7
lucky,7
anyway,7
center,7
passion,7
kiddiescorner,7
planet,7
friendly,7
recycling,7
drive,7
pick,7
fabulous,7
essence,7
na,7
declared,7
president,7
buying,7
bloom,7
understanding,7
prices,7
ecommerce,7
sincerest,7
jump,7
dealoftheweek,7
posted,7
etc,7
placing,7
must,7
history,7
main,8
web,8
tonight,8
brown,8
sucks,8
fast,8
face,8
hmmm,8
true,8
member,8
weeks,8
speaking,8
known,8
makes,8
grocery,8
f,8
messed,8
steph,8
stem,8
checking,8
myspace,8
knew,8
pay,8
mets,8
means,8
culture,8
status,8
boutonnieres,8
social,8
reading,8
hour,8
monday,8
grew,8
8,8
18,8
weddingflowers,8
designed,8
loved,8
arrived,8
gave,8
able,8
celebrations,8
absolutely,8
spray,8
girl,8
grandma,8
franchise,8
medium,8
backtoschool,8
apply,8
join,8
looks,8
fruitbouquets,8
falling,8
cocoa,8
mug,8
rafflecopter,8
leslie,8
veggies,8
tulips,8
dot,8
espn,8
september,8
lmao,8
heart,8
hoping,8
baskets,8
important,8
direct,8
claim,8
9,8
cancer,8
cx,8
container,8
balloon,8
food,8
followers,8
cheap,8
took,8
rescue,9
soon,9
night,9
kids,9
square,9
value,9
16,9
choice,9
top,9
advertising,9
martha,9
stewart,9
video,9
radio,9
thanksgiving,9
yesterday,9
resolved,9
supposed,9
species,9
update,9
prizes,9
sympathy,9
tree,9
reviews,9
perfect,9
fair,9
certified,9
centerpieces,9
ideas,9
promotion,9
diy,9
bestmom,9
hold,9
couponcode,9
photo,9
reply,9
correct,9
paid,9
wrong,9
spice,9
thought,9
cute,9
pincushion,9
victoria,9
autum,9
sauges,9
blackfoot,9
goes,9
rare,9
ship,9
dead,9
cookies,9
issues,9
month,9
fresh,9
andthen17,9
cool,9
question,9
bff,9
zappos,10
spot,10
valentinesday,10
worth,10
read,10
winners,10
come,10
app,10
available,10
teleflora,10
two,10
gerbera,10
address,10
june,10
trade,10
expect,10
visa,10
quality,10
anyone,10
blooms,10
elegance,10
wanted,10
half,10
yet,10
else,10
expressions,10
house,10
instead,10
life,10
ordering,10
infant,10
pink,10
live,10
ny,10
extra,10
codysimpson,10
shopping,10
ups,10
grandmother,10
balloons,10
idea,11
spon,11
r,11
super,11
days,11
reg,11
many,11
times,11
sunday,11
early,11
calling,11
customers,11
thing,11
selection,11
1800,11
amazing,11
reach,11
sad,11
lost,11
party,11
delivering,11
corsages,11
charge,11
information,11
product,11
another,11
celebrate,11
world,11
provide,11
season,11
something,11
bad,11
justinbieber,11
leaves,11
valued,11
freevase,11
actually,11
watching,11
lotsa,11
getting,12
justbecause,12
ftd,12
used,12
store,12
checkout,12
refund,12
facebook,12
also,12
unsubscribe,12
ensure,12
dumbfounded,12
family,12
small,12
watch,12
trouble,12
could,12
late,12
dad,12
mine,12
regarding,12
names,12
billion,12
33,12
man,12
com,12
marketing,13
funeral,13
end,13
later,13
floral,13
pretty,13
mymom,13
money,13
awesome,13
wo,13
tenorsmusic,13
color,13
rosemonthsweepstakes,13
1_800_flowers,13
bargain,13
everyone,13
nyc,13
hard,13
ceo,13
»,13
friends,13
local,13
wreath,13
hi,13
patience,13
pastel,13
little,13
centerpiece,13
respond,13
nothing,14
years,14
letting,14
arrive,14
hey,14
amazon,14
truly,14
feel,14
sending,14
select,14
disappointed,14
guys,14
done,14
certificate,14
fb,14
corporate,14
offce,14
left,14
yes,14
sweet,14
halloween,14
dozen,14
require,14
valentines,14
looking,15
savings,15
pass,15
needs,15
arrangements,15
giving,15
treat,15
lol,15
future,15
susan,15
christina,15
found,15
lily,15
better,15
scanned,15
scan,15
spring,15
forget,15
away,15
internet,16
sweepstakes,16
rep,16
receive,16
daisies,16
data,16
wait,16
kim,16
job,16
pleasure,16
questions,16
say,16
dog,16
heardable,16
making,16
self,16
emergency,16
cone,16
old,16
team,16
fall,16
cash,16
mothers,17
chance,17
jim,17
ty,17
large,17
loves,17
going,17
shipping,17
*daily*,17
blue,17
contact,18
moms,18
congratulations,18
worst,18
sure,18
message,18
anniversary,18
easter,18
long,18
think,18
share,18
dear,18
necessary,18
autumn,18
site,18
well,18
evening,18
prize,19
mobile,19
real,19
mccann,19
offer,19
hate,19
tell,19
1,19
welcome,19
work,19
big,19
digital,19
christmas,19
rush,19
even,19
enjoy,19
block,19
tweet,19
york,19
purchase,19
note,19
try,20
codes,20
coming,20
wife,20
smiles,20
phone,20
page,20
online,20
working,20
plant,20
wow,21
winner,21
wonderful,21
words,21
favorite,21
date,21
carle,21
trying,21
im,21
allowing,21
appreciate,21
every,22
twitter,22
stoprush,22
25,22
weekend,22
deals,22
tomorrow,22
ff,22
erika,22
vase,22
frustration,22
received,23
always,23
hello,23
daisy,23
shop,23
sale,23
brand,23
using,23
place,23
freeshipping,23
charges,23
oh,24
congrats,24
fun,24
thx,24
orders,24
home,24
wedding,24
garden,24
give,25
may,25
white,25
surprise,25
care,25
discount,25
whole,25
people,25
100,26
post,26
summer,26
hope,26
friend,26
aj,26
first,26
assistance,27
plants,27
next,28
contest,28
3,28
mademesmile,28
sent,28
made,28
across,28
5,29
limbaugh,29
company,29
email,29
recipient,29
pj,29
cake,29
click,30
gc,30
bouquets,30
business,30
following,31
someone,31
friday,31
basket,31
holiday,31
30,31
entered,32
promo,32
special,32
rose,32
proflowers,32
go,32
40,32
show,32
anything,32
brands,32
stacey,32
smile,33
resolve,33
got,33
stephanie,33
ad,33
janet,34
let,34
best,34
anne,34
take,34
call,35
ca,35
valentine,36
emails,36
find,36
info,37
heard,37
details,37
10,37
ever,37
blog,37
kind,37
disappointment,37
experience,38
mother,38
still,38
20,39
really,39
one,39
4,40
nice,40
need,40
via,41
number,41
coupons,41
glad,41
florist,41
arrangement,42
deal,42
ordered,44
week,44
bday,45
never,45
want,46
right,47
look,48
ends,49
much,49
enter,49
year,50
apologize,50
free,51
***special***,52
*12,52
free*,52
supplies,53
good,54
deliver,54
know,54
time,56
way,57
see,58
coupon,59
code,60
make,61
check,62
–,62
back,63
hear,64
assist,64
issue,64
ur,67
like,68
customer,69
name,69
delivered,71
2,73
use,74
u,75
beautiful,76
12,76
50,78
card,78
pls,80
mom,81
red,85
gifts,86
buy,87
last,87
bouquet,88
great,89
delivery,90
15,90
service,92
send,92
would,96
birthday,96
save,103
today,108
love,110
new,111
plz,126
roses,127
giveaway,140
us,145
happy,154
flower,156
sorry,156
win,157
gift,166
thank,190
help,196
rt,197
get,203
thanks,223
day,225
please,226
follow,274
dm,328
order,352
flowers,510
